{
  "version": "cyrus-gwa-calibrated-v1",
  "algorithmVersion": "cyrus-gwa-v1.1",
  "trainedAt": "2026-05-23T15:11:42.887Z",
  "simulations": 1000000,
  "samples": 5501149,
  "metrics": {
    "maeBefore": 25.907,
    "maeAfter": 9.248,
    "r2After": 0.6023
  },
  "featureNames": [
    "msg_count_norm",
    "words_per_msg",
    "participation_share",
    "share_deviation",
    "latency_mean_norm",
    "latency_std_norm",
    "sentiment_mean",
    "sentiment_std",
    "phases_active_ratio",
    "team_marker_density",
    "detail_marker_density",
    "critical_marker_density",
    "problem_marker_density",
    "time_marker_density",
    "question_rate",
    "growth_marker_density",
    "prep_msg_ratio",
    "discussion_msg_ratio",
    "presentation_msg_ratio",
    "debrief_msg_ratio",
    "qa_msg_ratio",
    "presentation_markers",
    "debrief_markers",
    "on_time_phases_ratio"
  ],
  "targetLabels": [
    "communication",
    "teamwork",
    "time_management",
    "problem_solving",
    "attention_to_detail",
    "critical_thinking",
    "emotional_regulation",
    "stress_resilience",
    "leadership_orientation",
    "collaborative_mindset",
    "growth_mindset",
    "self_awareness"
  ],
  "weights": [
    [
      8.117671593321885,
      0.35257456994124825,
      25.694253569424735,
      -46.77902687561198,
      -7.442665681922608,
      62.820065652320594,
      12.132413312118024,
      2.0875605481041397,
      4.989436191480519,
      59.67292531025056,
      -27.174415429796397,
      -14.714596854443627,
      -26.72681342931419,
      -45.609641606798384,
      4.366040179493574,
      -3.498048266663391,
      39.785929408516395,
      29.888889144682224,
      32.099713573119864,
      31.724909180141324,
      34.3670485140036,
      1.2767058793737855,
      11.741460793995495,
      4.989436191502217
    ],
    [
      -5.089991801805489,
      1.7699702482692101,
      28.558904524222545,
      -42.799228738333184,
      -4.270246447653681,
      31.062643036278423,
      37.500745773418345,
      -12.32979589595188,
      2.929318836776682,
      90.10569011378722,
      -52.608168811760216,
      -25.7179811411156,
      -163.96529974531356,
      -52.91662125361032,
      -0.035866854827611414,
      16.413857702245647,
      49.738103759603916,
      27.943630633371736,
      33.03921786430111,
      24.31080260117223,
      35.897570424615914,
      -3.440735489426656,
      11.126612288654634,
      2.92931883680946
    ],
    [
      4.472783779329144,
      -0.4742484319767294,
      16.95005216318648,
      -29.619172379133257,
      -4.194894726665779,
      38.19355398833985,
      62.80502655443663,
      -25.674584677047754,
      2.516200770043068,
      72.28693520770612,
      37.34695086972072,
      -29.53674526867477,
      -30.69552969793551,
      -7.496482954954728,
      14.681185367107155,
      17.33417505060061,
      44.27660557713612,
      39.35867848929949,
      39.07246103213749,
      41.319035021756164,
      32.843025816114,
      -0.5182661220930164,
      12.876045948273342,
      2.5162007700693825
    ],
    [
      5.067293581826206,
      0.10293255677174903,
      19.32341837361607,
      -34.64237327315985,
      -5.078530408623218,
      46.04077080338989,
      72.86779059238665,
      -27.1118235505312,
      3.957244336437702,
      38.40491135475519,
      78.10693110933676,
      -45.4889107442338,
      -29.731416599000685,
      15.450020948514542,
      15.712267296903255,
      20.11500274140779,
      35.004742523378326,
      36.25045677245341,
      32.72403814263823,
      36.21195765780377,
      23.75477765141464,
      -2.150009148755572,
      10.436120960210134,
      3.9572443364516627
    ],
    [
      2.3754134016753223,
      0.16654256043045815,
      12.22319063828761,
      -21.012353734008155,
      -2.643653096102103,
      26.46943612208493,
      90.22649147987774,
      -35.96802046663972,
      2.2050185539034404,
      38.70966613037874,
      107.38471422586316,
      -53.176144862944085,
      -41.49667736573417,
      37.62379200582938,
      18.110290068379282,
      35.78309304317039,
      34.26689708620419,
      38.12118029931446,
      33.473964190373316,
      36.92457740491764,
      20.496277479624364,
      -3.534687990933474,
      9.243970440140249,
      2.2050185539175287
    ],
    [
      5.254250430435596,
      0.44085500830314295,
      20.444560477184492,
      -36.1560413892308,
      -5.157099786072196,
      46.405861653139254,
      80.39670097850727,
      -32.911314918940334,
      3.9823420824124676,
      42.61703515489482,
      65.23574080709703,
      -47.64909063112704,
      -53.88332939059637,
      5.349077354525073,
      14.470369444394464,
      18.01054422406565,
      35.92604231315334,
      33.889447908507684,
      31.046810198322632,
      33.51530893555016,
      23.52204136824137,
      -2.8625124681310044,
      10.237036670260308,
      3.9823420824279694
    ],
    [
      -0.7997053243169763,
      0.6664741851712701,
      18.630530051967863,
      -28.943893312725184,
      -2.753482487040652,
      27.14855159844515,
      91.58936959896691,
      -52.05938185197363,
      2.0477840520790926,
      85.0428237235856,
      3.0036870217382496,
      -35.858204414734125,
      -94.78698582476767,
      -33.035923498250966,
      10.61974698260758,
      18.333128666001166,
      52.08555929383224,
      38.37467097615783,
      40.289100969796536,
      39.613069057941566,
      37.319354886026815,
      -2.4579151282452996,
      11.31353419788594,
      2.047784052110046
    ],
    [
      1.1182537547855222,
      0.6329111122295568,
      21.582013729417714,
      -35.20727073470395,
      -3.9215618937432155,
      37.33823992609416,
      94.39168957975866,
      -54.149260903218824,
      3.136620739853802,
      72.91648048150226,
      3.733091065431236,
      -37.219945620614716,
      -88.55500337966322,
      -36.51600702839399,
      10.813553229718753,
      8.61431824145487,
      48.089271373383525,
      35.0723509183418,
      36.30031939629489,
      36.69057230715962,
      34.276028290974644,
      -2.4777480132936454,
      10.869154316360513,
      3.136620739880332
    ],
    [
      17.02379356328994,
      -2.3009064360545968,
      27.423338953941656,
      -55.240426258588045,
      -10.240837917732643,
      87.30567949988728,
      -21.671075876563187,
      30.449826583220492,
      5.57005837490196,
      83.5656057045344,
      -11.126278899924465,
      6.155371031862066,
      78.50462863726042,
      -38.5390892651955,
      13.363109746622484,
      -15.262953715179348,
      27.900017992119,
      24.352989710782943,
      26.26513829706415,
      31.03610137326131,
      25.99356859537479,
      6.3066421824112,
      19.45035440267585,
      5.570058374932348
    ],
    [
      -6.089630985939541,
      2.4211805023766626,
      32.437655738435566,
      -48.49816576695186,
      -4.649497645352242,
      34.22457082211109,
      58.35441019649832,
      -25.459322868387748,
      3.659073530210148,
      85.73898792514183,
      -52.01388872269801,
      -36.565989153196675,
      -200.44307346857215,
      -57.972725557039844,
      -0.47063959624993496,
      15.090456342140598,
      47.8078785301192,
      23.55035661159784,
      28.336070613698226,
      18.8398905987016,
      31.725500055871525,
      -5.208561788876607,
      10.347130527254626,
      3.6590735302413497
    ],
    [
      1.5782530746174854,
      1.2925400519158792,
      24.94736332940157,
      -41.09707107377964,
      -5.136067322688723,
      43.50373310444296,
      61.7592425147413,
      -28.916629688048015,
      4.0875662546872995,
      52.11918749849459,
      -6.302682946371434,
      -35.31628710044541,
      -105.76048422994877,
      -34.574850160577334,
      5.2625305778822185,
      5.545263421477413,
      41.33845231147361,
      28.70047013264952,
